"workId","作品","中文名","生日","性别","角色","读音","来源","来源ID","头像","审阅备注"
"rance-series","ランスシリーズ","兰斯系列","02-10","女","シィル・プライン","しぃるぷらいん","https://days366.com/title/21_01_58.html","10941","/uploads/character-birthdays/rance-series/rance-series-10941.webp",""
"rance-series","ランスシリーズ","兰斯系列","05-03","女","見当かなみ","けんとうかなみ","https://days366.com/title/21_01_58.html","10954","/uploads/character-birthdays/rance-series/rance-series-10954.webp",""
"rance-series","ランスシリーズ","兰斯系列","07-30","女","魔想志津香","まそうしづか","https://days366.com/title/21_01_58.html","10965","/uploads/character-birthdays/rance-series/rance-series-10965.webp",""
"rance-series","ランスシリーズ","兰斯系列","08-08","女","リズナ・ランフビット","りずならんふびっと","https://days366.com/title/21_01_58.html","10967","/uploads/character-birthdays/rance-series/rance-series-10967.webp",""
"rance-series","ランスシリーズ","兰斯系列","09-08","女","マリア・カスタード","まりあかすたーど","https://days366.com/title/21_01_58.html","10978","/uploads/character-birthdays/rance-series/rance-series-10978.webp",""
"rance-series","ランスシリーズ","兰斯系列","09-09","女","コパンドン・ドット","こぱんどんどっと","https://days366.com/title/21_01_58.html","10980","/uploads/character-birthdays/rance-series/rance-series-10980.webp",""
"summer-pockets","Summer Pockets","夏日口袋","02-02","女","野村美希","のむらみき","https://days366.com/title/15_01_84.html","36168","/uploads/character-birthdays/summer-pockets/summer-pockets-36168.webp",""
"summer-pockets","Summer Pockets","夏日口袋","04-04","女","久島鴎","くしまかもめ","https://days366.com/title/15_01_84.html","32211","/uploads/character-birthdays/summer-pockets/summer-pockets-32211.webp",""
"summer-pockets","Summer Pockets","夏日口袋","04-29","女","水織静久","みずおりしずく","https://days366.com/title/15_01_84.html","36169","/uploads/character-birthdays/summer-pockets/summer-pockets-36169.webp",""
"summer-pockets","Summer Pockets","夏日口袋","06-08","女","鳴瀨しろは","なるせしろは","https://days366.com/title/15_01_84.html","32209","/uploads/character-birthdays/summer-pockets/summer-pockets-32209.webp",""
"summer-pockets","Summer Pockets","夏日口袋","07-04","女","神山識","かみやましき","https://days366.com/title/15_01_84.html","39421","/uploads/character-birthdays/summer-pockets/summer-pockets-39421.webp",""
"summer-pockets","Summer Pockets","夏日口袋","08-31","女","紬ヴェンダース","つむぎゔぇんだーす","https://days366.com/title/15_01_84.html","32212","/uploads/character-birthdays/summer-pockets/summer-pockets-32212.webp",""
"summer-pockets","Summer Pockets","夏日口袋","09-01","女","加藤羽未","かとううみ","https://days366.com/title/15_01_84.html","36170","/uploads/character-birthdays/summer-pockets/summer-pockets-36170.webp",""
"summer-pockets","Summer Pockets","夏日口袋","09-20","女","空門蒼","そらかどあお","https://days366.com/title/15_01_84.html","32210","/uploads/character-birthdays/summer-pockets/summer-pockets-32210.webp",""
"summer-pockets","Summer Pockets","夏日口袋","09-20","女","空門藍","そらかどあい","https://days366.com/title/15_01_84.html","39422","/uploads/character-birthdays/summer-pockets/summer-pockets-39422.webp",""
"hoshikaka","星空へ架かる橋","架向星空之桥","07-24","女","七森星羅","ななもりせいら","https://days366.com/title/18_05_56.html","3190","/uploads/character-birthdays/hoshikaka/hoshikaka-3190.webp",""
"hoshikaka","星空へ架かる橋","架向星空之桥","08-15","女","日向伊吹","ひなたいぶき","https://days366.com/title/18_05_56.html","3192","/uploads/character-birthdays/hoshikaka/hoshikaka-3192.webp",""
"hoshikaka","星空へ架かる橋","架向星空之桥","09-29","女","酒井陽菜","さかいひな","https://days366.com/title/18_05_56.html","3193","/uploads/character-birthdays/hoshikaka/hoshikaka-3193.webp",""
"hoshikaka","星空へ架かる橋","架向星空之桥","10-05","女","藤堂こより","とうどうこより","https://days366.com/title/18_05_56.html","3194","/uploads/character-birthdays/hoshikaka/hoshikaka-3194.webp",""
"hoshikaka","星空へ架かる橋","架向星空之桥","10-08","女","藤堂かさね","とうどうかさね","https://days366.com/title/18_05_56.html","3195","/uploads/character-birthdays/hoshikaka/hoshikaka-3195.webp",""
"hoshikaka","星空へ架かる橋","架向星空之桥","10-13","女","神本円佳","こうもとまどか","https://days366.com/title/18_05_56.html","3196","/uploads/character-birthdays/hoshikaka/hoshikaka-3196.webp",""
"hoshikaka","星空へ架かる橋","架向星空之桥","10-17","女","中津川初","なかつがわうい","https://days366.com/title/18_05_56.html","3197","/uploads/character-birthdays/hoshikaka/hoshikaka-3197.webp",""
"hoshikaka","星空へ架かる橋","架向星空之桥","12-09","女","藤堂つむぎ","とうどうつむぎ","https://days366.com/title/18_05_56.html","3199","/uploads/character-birthdays/hoshikaka/hoshikaka-3199.webp",""
"hoshikaka","星空へ架かる橋","架向星空之桥","12-20","女","万千歌","よろずせんか","https://days366.com/title/18_05_56.html","3200","/uploads/character-birthdays/hoshikaka/hoshikaka-3200.webp",""
"aokana","蒼の彼方のフォーリズム","苍之彼方的四重奏","02-14","女","有坂真白","ありさかましろ","https://days366.com/title/13_01_69.html","8938","/uploads/character-birthdays/aokana/aokana-8938.webp",""
"aokana","蒼の彼方のフォーリズム","苍之彼方的四重奏","04-16","女","鳶沢みさき","とびさわみさき","https://days366.com/title/13_01_69.html","8939","/uploads/character-birthdays/aokana/aokana-8939.webp",""
"aokana","蒼の彼方のフォーリズム","苍之彼方的四重奏","05-02","女","倉科明日香","くらしなあすか","https://days366.com/title/13_01_69.html","8940","/uploads/character-birthdays/aokana/aokana-8940.webp",""
"aokana","蒼の彼方のフォーリズム","苍之彼方的四重奏","12-20","女","市ノ瀬莉佳","いちのせりか","https://days366.com/title/13_01_69.html","8941","/uploads/character-birthdays/aokana/aokana-8941.webp",""
"maitetsu","まいてつ","爱上火车","01-07","女","蓑笠凪","みのかさなぎ","https://days366.com/title/19_01_05.html","5495","/uploads/character-birthdays/maitetsu/maitetsu-5495.webp",""
"maitetsu","まいてつ","爱上火车","03-08","女","ハチロク（すず）","はちろく（すず）","https://days366.com/title/19_01_05.html","5496","/uploads/character-birthdays/maitetsu/maitetsu-5496.webp",""
"maitetsu","まいてつ","爱上火车","03-26","女","れいな","れいな","https://days366.com/title/19_01_05.html","5497","/uploads/character-birthdays/maitetsu/maitetsu-5497.webp",""
"maitetsu","まいてつ","爱上火车","06-13","女","オリヴィ","おりびぃ","https://days366.com/title/19_01_05.html","58375","/uploads/character-birthdays/maitetsu/maitetsu-58375.webp",""
"maitetsu","まいてつ","爱上火车","07-01","女","宝生稀咲","ほうしょうきさき","https://days366.com/title/19_01_05.html","5498","/uploads/character-birthdays/maitetsu/maitetsu-5498.webp",""
"maitetsu","まいてつ","爱上火车","07-31","女","西瓜","すいか","https://days366.com/title/19_01_05.html","58382","/uploads/character-birthdays/maitetsu/maitetsu-58382.webp",""
"maitetsu","まいてつ","爱上火车","08-10","女","早瀬ふかみ","はやせふかみ","https://days366.com/title/19_01_05.html","5499","/uploads/character-birthdays/maitetsu/maitetsu-5499.webp",""
"maitetsu","まいてつ","爱上火车","10-25","女","右田日々姫","みぎたひびき","https://days366.com/title/19_01_05.html","5500","/uploads/character-birthdays/maitetsu/maitetsu-5500.webp",""
"maitetsu","まいてつ","爱上火车","11-27","女","右田真闇","みぎたまくら","https://days366.com/title/19_01_05.html","5501","/uploads/character-birthdays/maitetsu/maitetsu-5501.webp",""
"maitetsu","まいてつ","爱上火车","12-18","女","雛衣ポーレット","ひないぽーれっと","https://days366.com/title/19_01_05.html","5502","/uploads/character-birthdays/maitetsu/maitetsu-5502.webp",""
"kinkoi","金色ラブリッチェ","金辉恋曲四重奏","02-22","女","カミナル･ル･プルテア･ソルティレージュ･シスア","かみなるるぷるてあそるてぃれーじゅしすあ","https://days366.com/title/14_02_109.html","943","/uploads/character-birthdays/kinkoi/kinkoi-943.webp",""
"kinkoi","金色ラブリッチェ","金辉恋曲四重奏","03-03","女","シルヴィア･ル･クルスクラウン･ソルティレージュ･シスア","しるゔぃあるくるすくらうんそるてぃれーじゅしすあ","https://days366.com/title/14_02_109.html","944","/uploads/character-birthdays/kinkoi/kinkoi-944.webp",""
"kinkoi","金色ラブリッチェ","金辉恋曲四重奏","03-03","女","僧間理亜","そうまりあ","https://days366.com/title/14_02_109.html","945","/uploads/character-birthdays/kinkoi/kinkoi-945.webp",""
"kinkoi","金色ラブリッチェ","金辉恋曲四重奏","04-25","女","城ヶ崎絢華","じょうがさきあやか","https://days366.com/title/14_02_109.html","946","/uploads/character-birthdays/kinkoi/kinkoi-946.webp",""
"kinkoi","金色ラブリッチェ","金辉恋曲四重奏","05-25","女","エロイナ･ディ･カバリェロ･イスタ","えろいなでぃかばりぇろいすた","https://days366.com/title/14_02_109.html","947","/uploads/character-birthdays/kinkoi/kinkoi-947.webp",""
"kinkoi","金色ラブリッチェ","金辉恋曲四重奏","08-01","女","妃玲奈","きさきれいな","https://days366.com/title/14_02_109.html","948","/uploads/character-birthdays/kinkoi/kinkoi-948.webp",""
"kinkoi","金色ラブリッチェ","金辉恋曲四重奏","09-13","女","栗生茜","くりゅうあかね","https://days366.com/title/14_02_109.html","949","/uploads/character-birthdays/kinkoi/kinkoi-949.webp",""
"ambitious-mission","AMBITIOUS MISSION","","02-14","女","本郷虹夢","ほんごうにじむ","https://days366.com/title/13_01_280.html","45425","/uploads/character-birthdays/ambitious-mission/ambitious-mission-45425.webp",""
"ambitious-mission","AMBITIOUS MISSION","","04-11","女","有瀬かぐや","ありせかぐや","https://days366.com/title/13_01_280.html","45423","/uploads/character-birthdays/ambitious-mission/ambitious-mission-45423.webp",""
"ambitious-mission","AMBITIOUS MISSION","","05-05","女","有瀬あてな","ありせあてな","https://days366.com/title/13_01_280.html","45426","/uploads/character-birthdays/ambitious-mission/ambitious-mission-45426.webp",""
"ambitious-mission","AMBITIOUS MISSION","","07-20","女","シャルロット・ディ・カーブホーン・イェーズ","しゃるろっとでぃかーぶほーんいぇーず","https://days366.com/title/13_01_280.html","45427","/uploads/character-birthdays/ambitious-mission/ambitious-mission-45427.webp",""
"ambitious-mission","AMBITIOUS MISSION","","08-01","女","石川弥栄","いしかわやえ","https://days366.com/title/13_01_280.html","45424","/uploads/character-birthdays/ambitious-mission/ambitious-mission-45424.webp",""
"kakenuke-seishun-sparking","かけぬけ★青春スパーキング！","绽放★青春全力向前冲！","01-08","女","聖橘花","ひじりきっか","https://days366.com/title/14_01_171.html","38833","/uploads/character-birthdays/kakenuke-seishun-sparking/kakenuke-seishun-sparking-38833.webp",""
"kakenuke-seishun-sparking","かけぬけ★青春スパーキング！","绽放★青春全力向前冲！","05-27","女","海堂凪子","かいどうなぎこ","https://days366.com/title/14_01_171.html","38832","/uploads/character-birthdays/kakenuke-seishun-sparking/kakenuke-seishun-sparking-38832.webp",""
"kakenuke-seishun-sparking","かけぬけ★青春スパーキング！","绽放★青春全力向前冲！","06-18","女","遠野律","とおのりつ","https://days366.com/title/14_01_171.html","38834","/uploads/character-birthdays/kakenuke-seishun-sparking/kakenuke-seishun-sparking-38834.webp",""
"kakenuke-seishun-sparking","かけぬけ★青春スパーキング！","绽放★青春全力向前冲！","08-08","女","小日向響","こひなたひびき","https://days366.com/title/14_01_171.html","38829","/uploads/character-birthdays/kakenuke-seishun-sparking/kakenuke-seishun-sparking-38829.webp",""
"kakenuke-seishun-sparking","かけぬけ★青春スパーキング！","绽放★青春全力向前冲！","10-13","女","鹿島理々","かしまりり","https://days366.com/title/14_01_171.html","38830","/uploads/character-birthdays/kakenuke-seishun-sparking/kakenuke-seishun-sparking-38830.webp",""
"kakenuke-seishun-sparking","かけぬけ★青春スパーキング！","绽放★青春全力向前冲！","12-03","女","柊栞里","ひいらぎしおり","https://days366.com/title/14_01_171.html","38831","/uploads/character-birthdays/kakenuke-seishun-sparking/kakenuke-seishun-sparking-38831.webp",""
"floral-flowlove","フローラル・フローラブ","花之天使的夏日恋歌","01-06","女","斉須莉玖","さいすりく","https://days366.com/title/18_03_135.html","4184","/uploads/character-birthdays/floral-flowlove/floral-flowlove-4184.webp",""
"floral-flowlove","フローラル・フローラブ","花之天使的夏日恋歌","02-14","女","美鳩夏乃","みはとかの","https://days366.com/title/18_03_135.html","4185","/uploads/character-birthdays/floral-flowlove/floral-flowlove-4185.webp",""
"floral-flowlove","フローラル・フローラブ","花之天使的夏日恋歌","03-07","女","朱鷺坂七緒","ときさかななお","https://days366.com/title/18_03_135.html","4186","/uploads/character-birthdays/floral-flowlove/floral-flowlove-4186.webp",""
"floral-flowlove","フローラル・フローラブ","花之天使的夏日恋歌","05-22","女","アーデルハイト・フォン・ベルクシュトラーセ","あーでるはいとふぉんべるくしゅとらーせ","https://days366.com/title/18_03_135.html","4187","/uploads/character-birthdays/floral-flowlove/floral-flowlove-4187.webp",""
"floral-flowlove","フローラル・フローラブ","花之天使的夏日恋歌","11-11","女","椿姫こはね","つばきこはね","https://days366.com/title/18_03_135.html","4188","/uploads/character-birthdays/floral-flowlove/floral-flowlove-4188.webp",""
"floral-flowlove","フローラル・フローラブ","花之天使的夏日恋歌","12-25","女","碧衣愁","あおいすう","https://days366.com/title/18_03_135.html","4189","/uploads/character-birthdays/floral-flowlove/floral-flowlove-4189.webp",""
"hanasaki-work-spring","花咲ワークスプリング！","","03-18","女","空森若葉","そらもりわかば","https://days366.com/title/18_01_77.html","10619","/uploads/character-birthdays/hanasaki-work-spring/hanasaki-work-spring-10619.webp",""
"hanasaki-work-spring","花咲ワークスプリング！","","04-04","女","琴吹ヒカリ","ことぶきひかり","https://days366.com/title/18_01_77.html","10620","/uploads/character-birthdays/hanasaki-work-spring/hanasaki-work-spring-10620.webp",""
"hanasaki-work-spring","花咲ワークスプリング！","","06-26","女","玖音彩乃","くおんあやの","https://days366.com/title/18_01_77.html","10621","/uploads/character-birthdays/hanasaki-work-spring/hanasaki-work-spring-10621.webp",""
"hanasaki-work-spring","花咲ワークスプリング！","","08-02","女","不知火祈","しらぬいいのり","https://days366.com/title/18_01_77.html","10622","/uploads/character-birthdays/hanasaki-work-spring/hanasaki-work-spring-10622.webp",""
"hanasaki-work-spring","花咲ワークスプリング！","","09-11","女","山下久美","やましたくみ","https://days366.com/title/18_01_77.html","10623","/uploads/character-birthdays/hanasaki-work-spring/hanasaki-work-spring-10623.webp",""
"hanasaki-work-spring","花咲ワークスプリング！","","10-01","女","上月柑南","こうつきかんな","https://days366.com/title/18_01_77.html","10624","/uploads/character-birthdays/hanasaki-work-spring/hanasaki-work-spring-10624.webp",""
"hanasaki-work-spring","花咲ワークスプリング！","","12-15","女","花咲ののか","はなさきののか","https://days366.com/title/18_01_77.html","10626","/uploads/character-birthdays/hanasaki-work-spring/hanasaki-work-spring-10626.webp",""
"karumaruka-circle","カルマルカ＊サークル","卡卢玛卢卡＊同好会","01-03","女","乙音ニコル","おとねにこる","https://days366.com/title/14_01_132.html","14922","/uploads/character-birthdays/karumaruka-circle/karumaruka-circle-14922.webp",""
"karumaruka-circle","カルマルカ＊サークル","卡卢玛卢卡＊同好会","02-22","女","夏目暦","なつめこよみ","https://days366.com/title/14_01_132.html","14921","/uploads/character-birthdays/karumaruka-circle/karumaruka-circle-14921.webp",""
"karumaruka-circle","カルマルカ＊サークル","卡卢玛卢卡＊同好会","04-23","女","高坂夕姫羽","こうさかゆきは","https://days366.com/title/14_01_132.html","46563","/uploads/character-birthdays/karumaruka-circle/karumaruka-circle-46563.webp",""
"karumaruka-circle","カルマルカ＊サークル","卡卢玛卢卡＊同好会","06-06","女","笹倉未来","ささくらみらい","https://days366.com/title/14_01_132.html","46564","/uploads/character-birthdays/karumaruka-circle/karumaruka-circle-46564.webp",""
"karumaruka-circle","カルマルカ＊サークル","卡卢玛卢卡＊同好会","07-01","女","天ヶ瀬奈月","あまがせなつき","https://days366.com/title/14_01_132.html","14919","/uploads/character-birthdays/karumaruka-circle/karumaruka-circle-14919.webp",""
"karumaruka-circle","カルマルカ＊サークル","卡卢玛卢卡＊同好会","08-20","女","成海杏","なるみあん","https://days366.com/title/14_01_132.html","46566","/uploads/character-birthdays/karumaruka-circle/karumaruka-circle-46566.webp",""
"karumaruka-circle","カルマルカ＊サークル","卡卢玛卢卡＊同好会","10-10","女","朝比奈晴","あさひなしん","https://days366.com/title/14_01_132.html","14920","/uploads/character-birthdays/karumaruka-circle/karumaruka-circle-14920.webp",""
"hatsuyuki-sakura","はつゆきさくら","初雪樱","01-02","女","シロクマ","しろくま","https://days366.com/title/18_01_61.html","2675","/uploads/character-birthdays/hatsuyuki-sakura/hatsuyuki-sakura-2675.webp",""
"hatsuyuki-sakura","はつゆきさくら","初雪樱","03-21","女","玉樹桜","たまきさくら","https://days366.com/title/18_01_61.html","2676","/uploads/character-birthdays/hatsuyuki-sakura/hatsuyuki-sakura-2676.webp",""
"hatsuyuki-sakura","はつゆきさくら","初雪樱","03-28","女","あずま夜","あずまよる","https://days366.com/title/18_01_61.html","2677","/uploads/character-birthdays/hatsuyuki-sakura/hatsuyuki-sakura-2677.webp",""
"hatsuyuki-sakura","はつゆきさくら","初雪樱","05-12","女","東雲希","しののめのぞむ","https://days366.com/title/18_01_61.html","2678","/uploads/character-birthdays/hatsuyuki-sakura/hatsuyuki-sakura-2678.webp",""
"hatsuyuki-sakura","はつゆきさくら","初雪樱","10-03","女","小坂井綾","こざかいあや","https://days366.com/title/18_01_61.html","2679","/uploads/character-birthdays/hatsuyuki-sakura/hatsuyuki-sakura-2679.webp",""
"daitoshokan","大図書館の羊飼い","大图书馆的牧羊人","01-23","女","御園千莉","みそのせんり","https://days366.com/title/16_01_03.html","15804","/uploads/character-birthdays/daitoshokan/daitoshokan-15804.webp",""
"daitoshokan","大図書館の羊飼い","大图书馆的牧羊人","02-22","女","一之江金魚","いちのえきんぎょ","https://days366.com/title/16_01_03.html","15805","/uploads/character-birthdays/daitoshokan/daitoshokan-15805.webp",""
"daitoshokan","大図書館の羊飼い","大图书馆的牧羊人","03-29","女","白崎つぐみ","しらさきつぐみ","https://days366.com/title/16_01_03.html","15806","/uploads/character-birthdays/daitoshokan/daitoshokan-15806.webp",""
"daitoshokan","大図書館の羊飼い","大图书馆的牧羊人","04-23","女","芹沢水結","せりざわみゆ","https://days366.com/title/16_01_03.html","15808","/uploads/character-birthdays/daitoshokan/daitoshokan-15808.webp",""
"daitoshokan","大図書館の羊飼い","大图书馆的牧羊人","05-09","女","白崎さより","しらさきさより","https://days366.com/title/16_01_03.html","15809","/uploads/character-birthdays/daitoshokan/daitoshokan-15809.webp",""
"daitoshokan","大図書館の羊飼い","大图书馆的牧羊人","06-16","女","鈴木佳奈","すずきかな","https://days366.com/title/16_01_03.html","15810","/uploads/character-birthdays/daitoshokan/daitoshokan-15810.webp",""
"daitoshokan","大図書館の羊飼い","大图书馆的牧羊人","06-29","女","藤宮朔夜","ふじみやさくや","https://days366.com/title/16_01_03.html","15811","/uploads/character-birthdays/daitoshokan/daitoshokan-15811.webp",""
"daitoshokan","大図書館の羊飼い","大图书馆的牧羊人","08-08","女","望月真帆","もちづきまほ","https://days366.com/title/16_01_03.html","15812","/uploads/character-birthdays/daitoshokan/daitoshokan-15812.webp",""
"daitoshokan","大図書館の羊飼い","大图书馆的牧羊人","09-19","女","嬉野紗弓実","うれしのさゆみ","https://days366.com/title/16_01_03.html","15813","/uploads/character-birthdays/daitoshokan/daitoshokan-15813.webp",""
"daitoshokan","大図書館の羊飼い","大图书馆的牧羊人","10-12","女","多岐川葵","たきがわあおい","https://days366.com/title/16_01_03.html","15814","/uploads/character-birthdays/daitoshokan/daitoshokan-15814.webp",""
"daitoshokan","大図書館の羊飼い","大图书馆的牧羊人","10-31","女","土岐のぞみ","ときのぞみ","https://days366.com/title/16_01_03.html","15815","/uploads/character-birthdays/daitoshokan/daitoshokan-15815.webp",""
"daitoshokan","大図書館の羊飼い","大图书馆的牧羊人","11-01","女","桜庭玉藻","さくらばたまも","https://days366.com/title/16_01_03.html","15816","/uploads/character-birthdays/daitoshokan/daitoshokan-15816.webp",""
"daitoshokan","大図書館の羊飼い","大图书馆的牧羊人","12-31","女","小太刀凪","こだちなぎ","https://days366.com/title/16_01_03.html","15818","/uploads/character-birthdays/daitoshokan/daitoshokan-15818.webp",""
"sen-no-hatou","千の刃濤、桃花染の皇姫","千之刃涛、桃花染之皇姬","01-10","女","来嶌・マクスウェル・紫乃","くるしままくすうぇるしの","https://days366.com/title/15_04_97.html","44799","/uploads/character-birthdays/sen-no-hatou/sen-no-hatou-44799.webp",""
"sen-no-hatou","千の刃濤、桃花染の皇姫","千之刃涛、桃花染之皇姬","02-28","女","宮国朱璃","みやぐにあかり","https://days366.com/title/15_04_97.html","44800","/uploads/character-birthdays/sen-no-hatou/sen-no-hatou-44800.webp",""
"sen-no-hatou","千の刃濤、桃花染の皇姫","千之刃涛、桃花染之皇姬","04-10","女","エルザ・ヴァレンタイン","えるざゔぁれんたいん","https://days366.com/title/15_04_97.html","44803","/uploads/character-birthdays/sen-no-hatou/sen-no-hatou-44803.webp",""
"sen-no-hatou","千の刃濤、桃花染の皇姫","千之刃涛、桃花染之皇姬","05-19","女","稲生滸","いのうほとり","https://days366.com/title/15_04_97.html","44802","/uploads/character-birthdays/sen-no-hatou/sen-no-hatou-44802.webp",""
"sen-no-hatou","千の刃濤、桃花染の皇姫","千之刃涛、桃花染之皇姬","07-21","女","伊那子柚","いなこゆず","https://days366.com/title/15_04_97.html","44805","/uploads/character-birthdays/sen-no-hatou/sen-no-hatou-44805.webp",""
"sen-no-hatou","千の刃濤、桃花染の皇姫","千之刃涛、桃花染之皇姬","08-20","女","鴇田奏海","ときたかなみ","https://days366.com/title/15_04_97.html","44801","/uploads/character-birthdays/sen-no-hatou/sen-no-hatou-44801.webp",""
"sen-no-hatou","千の刃濤、桃花染の皇姫","千之刃涛、桃花染之皇姬","08-30","女","椎葉千波矢","しいのはちはや","https://days366.com/title/15_04_97.html","44798","/uploads/character-birthdays/sen-no-hatou/sen-no-hatou-44798.webp",""
"sen-no-hatou","千の刃濤、桃花染の皇姫","千之刃涛、桃花染之皇姬","10-27","女","椎葉古杜音","しいのはことね","https://days366.com/title/15_04_97.html","44797","/uploads/character-birthdays/sen-no-hatou/sen-no-hatou-44797.webp",""
"sen-no-hatou","千の刃濤、桃花染の皇姫","千之刃涛、桃花染之皇姬","11-30","女","八岐雪花","やぎせっか","https://days366.com/title/15_04_97.html","44806","/uploads/character-birthdays/sen-no-hatou/sen-no-hatou-44806.webp",""
"sen-no-hatou","千の刃濤、桃花染の皇姫","千之刃涛、桃花染之皇姬","12-08","女","更科睦美","さらしなむつみ","https://days366.com/title/15_04_97.html","44804","/uploads/character-birthdays/sen-no-hatou/sen-no-hatou-44804.webp",""
"sen-no-hatou","千の刃濤、桃花染の皇姫","千之刃涛、桃花染之皇姬","12-11","女","閑倉五十鈴","しずくらいすず","https://days366.com/title/15_04_97.html","44807","/uploads/character-birthdays/sen-no-hatou/sen-no-hatou-44807.webp",""
"eustia","穢翼のユースティア","秽翼的尤斯蒂娅","02-05","女","エリス・フローラリア","えりすふろーらりあ","https://days366.com/title/13_01_52.html","20347","/uploads/character-birthdays/eustia/eustia-20347.webp",""
"eustia","穢翼のユースティア","秽翼的尤斯蒂娅","03-14","女","ユースティア・アストレア","ゆーすてぃああすとれあ","https://days366.com/title/13_01_52.html","20346","/uploads/character-birthdays/eustia/eustia-20346.webp",""
"eustia","穢翼のユースティア","秽翼的尤斯蒂娅","08-16","女","リシア・ド・ノーヴァス・ユーリィ","りしあどのーゔぁすゆーりぃ","https://days366.com/title/13_01_52.html","20349","/uploads/character-birthdays/eustia/eustia-20349.webp",""
"eustia","穢翼のユースティア","秽翼的尤斯蒂娅","10-20","女","聖女イレーヌ","せいじょいれーぬ","https://days366.com/title/13_01_52.html","20348","/uploads/character-birthdays/eustia/eustia-20348.webp",""
"eustia","穢翼のユースティア","秽翼的尤斯蒂娅","11-09","女","フィオネ・シルヴァリア","ふぃおねしるゔぁりあ","https://days366.com/title/13_01_52.html","20350","/uploads/character-birthdays/eustia/eustia-20350.webp",""
"steins-gate","STEINS;GATE","命运石之门","02-01","女","椎名まゆり","しいなまゆり","https://days366.com/title/15_02_91.html","21279","/uploads/character-birthdays/steins-gate/steins-gate-21279.webp",""
"steins-gate","STEINS;GATE","命运石之门","04-03","女","フェイリス・ニャンニャン（秋葉留未穂）","ふぇいりすにゃんにゃん（あきはるみほ）","https://days366.com/title/15_02_91.html","21281","/uploads/character-birthdays/steins-gate/steins-gate-21281.webp",""
"steins-gate","STEINS;GATE","命运石之门","06-06","女","桐生萌郁","きりゅうもえか","https://days366.com/title/15_02_91.html","21283","/uploads/character-birthdays/steins-gate/steins-gate-21283.webp",""
"steins-gate","STEINS;GATE","命运石之门","07-25","女","牧瀬紅莉栖","まきせくりす","https://days366.com/title/15_02_91.html","21278","/uploads/character-birthdays/steins-gate/steins-gate-21278.webp",""
"steins-gate","STEINS;GATE","命运石之门","09-27","女","阿万音鈴羽","あまねすずは","https://days366.com/title/15_02_91.html","21280","/uploads/character-birthdays/steins-gate/steins-gate-21280.webp",""
"steins-gate","STEINS;GATE","命运石之门","11-09","女","天王寺綯","てんのうじなえ","https://days366.com/title/15_02_91.html","21285","/uploads/character-birthdays/steins-gate/steins-gate-21285.webp",""
"ginharu","銀色、遥か","银色遥远","01-25","女","如月瑞羽","きさらぎみずは","https://days366.com/title/14_02_107.html","4816","/uploads/character-birthdays/ginharu/ginharu-4816.webp",""
"ginharu","銀色、遥か","银色遥远","02-14","女","新見雪月","にいみゆづき","https://days366.com/title/14_02_107.html","4817","/uploads/character-birthdays/ginharu/ginharu-4817.webp",""
"ginharu","銀色、遥か","银色遥远","08-08","女","蒼井雛多","あおいひなた","https://days366.com/title/14_02_107.html","4818","/uploads/character-birthdays/ginharu/ginharu-4818.webp",""
"ginharu","銀色、遥か","银色遥远","10-21","女","名白椛","なしろもみじ","https://days366.com/title/14_02_107.html","4819","/uploads/character-birthdays/ginharu/ginharu-4819.webp",""
"ginharu","銀色、遥か","银色遥远","12-28","女","ベスリー・ローズ・ディズリー","べすりーろーずでぃずりー","https://days366.com/title/14_02_107.html","4820","/uploads/character-birthdays/ginharu/ginharu-4820.webp",""
"hikoukigumo","ひこうき雲の向こう側","航迹云的彼方","04-01","女","広崎美奈","ひろさきみな","https://days366.com/title/18_02_17.html","14113","/uploads/character-birthdays/hikoukigumo/hikoukigumo-14113.webp",""
"hikoukigumo","ひこうき雲の向こう側","航迹云的彼方","08-27","女","美汐瑛莉","みしおえいり","https://days366.com/title/18_02_17.html","14114","/uploads/character-birthdays/hikoukigumo/hikoukigumo-14114.webp",""
"hikoukigumo","ひこうき雲の向こう側","航迹云的彼方","11-23","女","佐藤里沙","さとうりさ","https://days366.com/title/18_02_17.html","14115","/uploads/character-birthdays/hikoukigumo/hikoukigumo-14115.webp",""
"hikoukigumo","ひこうき雲の向こう側","航迹云的彼方","12-12","女","羽川原いろは","うがわらいろは","https://days366.com/title/18_02_17.html","14116","/uploads/character-birthdays/hikoukigumo/hikoukigumo-14116.webp",""
"miahoshi","見上げてごらん、夜空の星を","","01-16","女","天ノ川沙夜","あまのがわさや","https://days366.com/title/19_02_02.html","6674","/uploads/character-birthdays/miahoshi/miahoshi-6674.webp",""
"miahoshi","見上げてごらん、夜空の星を","","03-14","女","白鳥織姫","しらとりおりひめ","https://days366.com/title/19_02_02.html","6676","/uploads/character-birthdays/miahoshi/miahoshi-6676.webp",""
"miahoshi","見上げてごらん、夜空の星を","","08-20","女","箒星ひかり","ほうきぼしひかり","https://days366.com/title/19_02_02.html","6682","/uploads/character-birthdays/miahoshi/miahoshi-6682.webp",""
"miahoshi","見上げてごらん、夜空の星を","","09-03","女","日下部ころな","くさかべころな","https://days366.com/title/19_02_02.html","6683","/uploads/character-birthdays/miahoshi/miahoshi-6683.webp",""
"tsukikana","月の彼方で逢いましょう","在月之彼岸邂逅","02-22","女","新谷灯華","あらやとうか","https://days366.com/title/16_03_31.html","34060","/uploads/character-birthdays/tsukikana/tsukikana-34060.webp",""
"tsukikana","月の彼方で逢いましょう","在月之彼岸邂逅","03-31","女","倉橋聖衣良","くらはしせいら","https://days366.com/title/16_03_31.html","34062","/uploads/character-birthdays/tsukikana/tsukikana-34062.webp",""
"tsukikana","月の彼方で逢いましょう","在月之彼岸邂逅","04-24","女","松宮霧子","まつみやきりこ","https://days366.com/title/16_03_31.html","34064","/uploads/character-birthdays/tsukikana/tsukikana-34064.webp",""
"tsukikana","月の彼方で逢いましょう","在月之彼岸邂逅","05-05","女","月ヶ洞きらり","つきがほらきらり","https://days366.com/title/16_03_31.html","34065","/uploads/character-birthdays/tsukikana/tsukikana-34065.webp",""
"tsukikana","月の彼方で逢いましょう","在月之彼岸邂逅","07-01","女","岬栞菜","みさきかんな","https://days366.com/title/16_03_31.html","34063","/uploads/character-birthdays/tsukikana/tsukikana-34063.webp",""
"tsukikana","月の彼方で逢いましょう","在月之彼岸邂逅","07-07","女","日紫喜うぐいす","ひしきうぐいす","https://days366.com/title/16_03_31.html","34059","/uploads/character-birthdays/tsukikana/tsukikana-34059.webp",""
"tsukikana","月の彼方で逢いましょう","在月之彼岸邂逅","12-25","女","佐倉雨音","さくられいん","https://days366.com/title/16_03_31.html","34061","/uploads/character-birthdays/tsukikana/tsukikana-34061.webp",""
"clover-days","Clover Day's","幸运草的约定","04-26","女","結橋泉","ゆいばしいずみ","https://days366.com/title/14_03_61.html","12093","/uploads/character-birthdays/clover-days/clover-days-12093.webp",""
"clover-days","Clover Day's","幸运草的约定","07-23","女","鷹倉杏璃","たかくらあんり","https://days366.com/title/14_03_61.html","12095","/uploads/character-birthdays/clover-days/clover-days-12095.webp",""
"clover-days","Clover Day's","幸运草的约定","07-23","女","鷹倉杏鈴","たかくらあんず","https://days366.com/title/14_03_61.html","12094","/uploads/character-birthdays/clover-days/clover-days-12094.webp",""
"clover-days","Clover Day's","幸运草的约定","08-14","女","加賀美ヒカル","かがみひかる","https://days366.com/title/14_03_61.html","12097","/uploads/character-birthdays/clover-days/clover-days-12097.webp",""
"clover-days","Clover Day's","幸运草的约定","08-14","女","加賀美ヘキル","かがみへきる","https://days366.com/title/14_03_61.html","12096","/uploads/character-birthdays/clover-days/clover-days-12096.webp",""
"clover-days","Clover Day's","幸运草的约定","11-28","女","竜胆つばめ","りんどうつばめ","https://days366.com/title/14_03_61.html","12098","/uploads/character-birthdays/clover-days/clover-days-12098.webp",""
"koi-kake","恋×シンアイ彼女","想要传达给你的爱恋","01-22","女","國見菜子","くにみなこ","https://days366.com/title/14_05_18.html","6903","/uploads/character-birthdays/koi-kake/koi-kake-6903.webp",""
"koi-kake","恋×シンアイ彼女","想要传达给你的爱恋","02-22","女","小鞠ゆい","こまりゆい","https://days366.com/title/14_05_18.html","6904","/uploads/character-birthdays/koi-kake/koi-kake-6904.webp",""
"koi-kake","恋×シンアイ彼女","想要传达给你的爱恋","06-12","女","姫野星奏","ひめのせな","https://days366.com/title/14_05_18.html","6905","/uploads/character-birthdays/koi-kake/koi-kake-6905.webp",""
"koi-kake","恋×シンアイ彼女","想要传达给你的爱恋","07-26","女","新堂彩音","しんどうあやね","https://days366.com/title/14_05_18.html","6907","/uploads/character-birthdays/koi-kake/koi-kake-6907.webp",""
"tsukiniyorisou","月に寄りそう乙女の作法","近月少女的礼仪","01-06","男","小倉朝日（大蔵遊星）","こくらあさひ（おおくらゆうせい）","https://days366.com/title/16_03_07.html","4842","/uploads/character-birthdays/tsukiniyorisou/tsukiniyorisou-4842.webp",""
"tsukiniyorisou","月に寄りそう乙女の作法","近月少女的礼仪","02-11","女","花之宮瑞穂","はなのみやみずほ","https://days366.com/title/16_03_07.html","4843","/uploads/character-birthdays/tsukiniyorisou/tsukiniyorisou-4843.webp",""
"tsukiniyorisou","月に寄りそう乙女の作法","近月少女的礼仪","03-27","女","桜小路ルナ","さくらこうじるな","https://days366.com/title/16_03_07.html","4845","/uploads/character-birthdays/tsukiniyorisou/tsukiniyorisou-4845.webp",""
"tsukiniyorisou","月に寄りそう乙女の作法","近月少女的礼仪","04-29","女","柳ヶ瀬湊","やながせみなと","https://days366.com/title/16_03_07.html","4846","/uploads/character-birthdays/tsukiniyorisou/tsukiniyorisou-4846.webp",""
"tsukiniyorisou","月に寄りそう乙女の作法","近月少女的礼仪","05-15","女","大蔵りそな","おおくらりそな","https://days366.com/title/16_03_07.html","4847","/uploads/character-birthdays/tsukiniyorisou/tsukiniyorisou-4847.webp",""
"tsukiniyorisou","月に寄りそう乙女の作法","近月少女的礼仪","07-07","女","名波七愛","ななみなない","https://days366.com/title/16_03_07.html","4848","/uploads/character-birthdays/tsukiniyorisou/tsukiniyorisou-4848.webp",""
"tsukiniyorisou","月に寄りそう乙女の作法","近月少女的礼仪","08-01","女","ユルシュール＝フルール＝ジャンメール","ゆるしゅーるふるーるじゃんめーる","https://days366.com/title/16_03_07.html","4849","/uploads/character-birthdays/tsukiniyorisou/tsukiniyorisou-4849.webp",""
"otome-domain","オトメ*ドメイン","少女＊领域","02-04","女","大垣ひなた","おおがきひなた","https://days366.com/title/13_05_40.html","6002","/uploads/character-birthdays/otome-domain/otome-domain-6002.webp",""
"otome-domain","オトメ*ドメイン","少女＊领域","04-03","女","貴船柚子","きふねゆず","https://days366.com/title/13_05_40.html","6003","/uploads/character-birthdays/otome-domain/otome-domain-6003.webp",""
"otome-domain","オトメ*ドメイン","少女＊领域","05-22","男","飛鳥湊","あすかみなと","https://days366.com/title/13_05_40.html","6004","/uploads/character-birthdays/otome-domain/otome-domain-6004.webp",""
"otome-domain","オトメ*ドメイン","少女＊领域","08-08","女","那波七海","ななみななみ","https://days366.com/title/13_05_40.html","35092","/uploads/character-birthdays/otome-domain/otome-domain-35092.webp",""
"otome-domain","オトメ*ドメイン","少女＊领域","09-25","女","皆見美結","みなみみゆ","https://days366.com/title/13_05_40.html","35091","/uploads/character-birthdays/otome-domain/otome-domain-35091.webp",""
"otome-domain","オトメ*ドメイン","少女＊领域","12-07","女","西園寺風莉","さいおんじかざり","https://days366.com/title/13_05_40.html","6005","/uploads/character-birthdays/otome-domain/otome-domain-6005.webp",""
